topic;keyword
agriculture;agric
agriculture;agro
agriculture;bamboo
agriculture;bambou
agriculture;banana
agriculture;banane
agriculture;bananerai
agriculture;blattner elwyn
agriculture;brabanta
agriculture;bukanga lonzo
agriculture;caoutchouc
agriculture;feronia
agriculture;huile de palme
agriculture;kuramo
agriculture;oil palm
agriculture;palm oil
agriculture;palmier
agriculture;phc
agriculture;plantations et huileries
agriculture;rattan
agriculture;rotin
agriculture;rubber
agriculture;slash and burn
agriculture;slash-and-burn
agriculture;socimex
agriculture;sur brulis
bioenergy;bio carbur
bioenergy;bio char
bioenergy;bio energ
bioenergy;bio fuel
bioenergy;bio mass
bioenergy;biocarbur
bioenergy;biochar
bioenergy;bioenerg
bioenergy;biofuel
bioenergy;biomass
bioenergy;congo biofuels
bioenergy;hawkwood
economy;bank
economy;banque
economy;budget
economy;capital
economy;capitalism
economy;commerce
economy;communism
economy;croissance
economy;econom
economy;économ
economy;financ
economy;growth
economy;industr
economy;infrastruc
economy;invest
economy;liberalism
economy;libéralisme
economy;marché
economy;market
economy;trade
environment;bio diversit
environment;biodiversit
environment;biological diversit
environment;braconn
environment;carbon
environment;climat
environment;conserv
environment;durabilité
environment;ecosyst
environment;écosyst
environment;emission
environment;émission
environment;endangered species
environment;environment
environment;environnement
environment;espèces menacés
environment;espèces sauvages
environment;incendie
environment;peat
environment;poach
environment;poche
environment;preserv
environment;préserv
environment;sustainab
environment;tourbier
environment;wildfire
environment;wildlife
equity;activism
equity;activist
equity;autochtone
equity;capital flight
equity;colonial
equity;corromp
equity;corrupt
equity;droit foncier
equity;droit humain
equity;égalité
equity;equality
equity;équité
equity;financial flow
equity;flux financier
equity;food safety
equity;human right
equity;illicit
equity;impôt
equity;indigène
equity;indigenous
equity;justice
equity;land right
equity;militant
equity;pygmé
equity;pygmy
equity;sécurité aliment
equity;tax
equity;transparenc
ambiguous;concession
ambiguous;congo river
ambiguous;fleuve congo
ambiguous;la nature
ambiguous;land manag
ambiguous;land use
ambiguous;landscape
ambiguous;natural park
ambiguous;nature
ambiguous;parc naturel
ambiguous;paysage
ambiguous;plantation
ambiguous;resource
ambiguous;ressource
ambiguous;terre
ambiguous;territoire
extractive;china infrastructure
extractive;china railway
extractive;cobolt
extractive;conflict mineral
extractive;conflit minéral
extractive;copper
extractive;exploration pétroli
extractive;extractive
extractive;fortesque
extractive;gécamines
extractive;glencore
extractive;hydrauliq
extractive;hydro
extractive;katanga
extractive;kipay
extractive;mines
extractive;minier
extractive;mining
extractive;oil explor
extractive;pharos
extractive;power construction corporation
extractive;sicomines
extractive;sino-congo
extractive;sinohydro
extractive;virunga
forest;acacia
forest;arbre
forest;atibt
forest;bassin du congo
forest;bois
forest;booming green
forest;charpent
forest;congo basin
forest;congolaise industrielle des bois
forest;déboi
forest;defore
forest;défore
forest;eucalypt
forest;fodeco
forest;forabola
forest;forest
forest;foret
forest;forêt
forest;kitenge lola
forest;logging
forest;lumber
forest;maniema union
forest;motema
forest;nordsudtimber
forest;norsudtimber
forest;olam
forest;rebois
forest;refore
forest;sicobois
forest;siforco
forest;silvic
forest;sodefor
forest;soforma
forest;somicongo
forest;somifor
forest;sylvic
forest;timber
forest;tree
forest;wood
policy;afr100
policy;belt and road
policy;bio econom
policy;bioeconom
policy;bonn challenge
policy;ceinture et la route
policy;certificat
policy;circular econom
policy;comifac
policy;cop2
policy;déclaration de glasgow sur les forêt
policy;déclaration de new york sur les forêt
policy;declaration on forest
policy;défi de bonn
policy;développement durab
policy;durabilité
policy;économie circul
policy;économie verte
policy;eiti
policy;flegt
policy;flr
policy;forest declaration
policy;fsc
policy;green econom
policy;ibi batéké
policy;itie
policy;nydf
policy;pafc
policy;paiement pour l'éco
policy;paiement pour l'env
policy;payment for eco
policy;payment for environmental
policy;pefc
policy;redd
policy;route de la soie
policy;sdg
policy;silk road
policy;sustainability
policy;sustainable devel
policy;traçabilité
policy;traceability
